{
    "count_fact": {
        "correlation": 0.35554300313256315,
        "p-value": 3.5523127159791396e-05
    },
    "norm_fact": {
        "correlation": -0.17396023190635374,
        "p-value": 0.04865103643503255
    },
    "count_evaluation": {
        "correlation": 0.4873296124260431,
        "p-value": 4.717704261598823e-09
    },
    "norm_evaluation": {
        "correlation": 0.008513395374679171,
        "p-value": 0.9237158274921508
    },
    "count_summary": {
        "correlation": 0.11948917033860851,
        "p-value": 0.17741273469142677
    },
    "norm_summary": {
        "correlation": -0.3171581692985408,
        "p-value": 0.00025008163947288744
    },
    "count_soundness_positive": {
        "correlation": 0.1481529193791407,
        "p-value": 0.09382140254372527
    },
    "norm_soundness_positive": {
        "correlation": -0.007853153548153628,
        "p-value": 0.9296160899478033
    },
    "count_motivation_positive": {
        "correlation": 0.09969078702328198,
        "p-value": 0.26099116168626624
    },
    "norm_motivation_positive": {
        "correlation": -0.02748383225032688,
        "p-value": 0.7571873428371216
    },
    "count_clarity_positive": {
        "correlation": 0.21290320240896254,
        "p-value": 0.015417523207322615
    },
    "norm_clarity_positive": {
        "correlation": 0.10384271387649788,
        "p-value": 0.2415522323101941
    },
    "feature_politeness_==Please==": {
        "correlation": 0.11155734104418269,
        "p-value": 0.20815752093414214
    },
    "feature_politeness_==Please_start==": {
        "correlation": 0.20546705544850905,
        "p-value": 0.01949523514988662
    },
    "feature_politeness_==HASHEDGE==": {
        "correlation": 0.21172601738339442,
        "p-value": 0.016008888191850056
    },
    "feature_politeness_==Indirect_(btw)==": {
        "correlation": -0.006241229433583587,
        "p-value": 0.944036503565747
    },
    "feature_politeness_==Hedges==": {
        "correlation": 0.22563281106985472,
        "p-value": 0.010140646988946381
    },
    "feature_politeness_==Factuality==": {
        "correlation": 0.16257652603245912,
        "p-value": 0.06564966353486612
    },
    "feature_politeness_==Deference==": {
        "correlation": 0.09439859518295177,
        "p-value": 0.28728139355011945
    },
    "feature_politeness_==Gratitude==": {
        "correlation": 0.08452443501814555,
        "p-value": 0.3409070871756026
    },
    "feature_politeness_==Apologizing==": {
        "correlation": NaN,
        "p-value": NaN
    },
    "feature_politeness_==1st_person_pl.==": {
        "correlation": 0.15813548354758822,
        "p-value": 0.07347453684579938
    },
    "feature_politeness_==1st_person==": {
        "correlation": 0.22987683902022568,
        "p-value": 0.008775467658193063
    },
    "feature_politeness_==1st_person_start==": {
        "correlation": 0.19587659100870003,
        "p-value": 0.026103200143228568
    },
    "feature_politeness_==2nd_person==": {
        "correlation": 0.1811233922900422,
        "p-value": 0.039959696171348896
    },
    "feature_politeness_==2nd_person_start==": {
        "correlation": 0.1778981800839077,
        "p-value": 0.043696885677464284
    },
    "feature_politeness_==Indirect_(greeting)==": {
        "correlation": NaN,
        "p-value": NaN
    },
    "feature_politeness_==Direct_question==": {
        "correlation": 0.056166849121332046,
        "p-value": 0.5272412416829912
    },
    "feature_politeness_==Direct_start==": {
        "correlation": 0.18302926788459126,
        "p-value": 0.03787998748428135
    },
    "feature_politeness_==HASPOSITIVE==": {
        "correlation": 0.20752087866665425,
        "p-value": 0.018285176460917135
    },
    "feature_politeness_==HASNEGATIVE==": {
        "correlation": 0.26723221554878307,
        "p-value": 0.0022022322822200244
    },
    "feature_politeness_==SUBJUNCTIVE==": {
        "correlation": -0.015595460471242285,
        "p-value": 0.8607520125150706
    },
    "feature_politeness_==INDICATIVE==": {
        "correlation": 0.09997334059044727,
        "p-value": 0.2596353242762478
    },
    "mean_specificity": {
        "correlation": -0.07267934879446013,
        "p-value": 0.41305618195903787
    },
    "min_specificity": {
        "correlation": -0.23224765060133562,
        "p-value": 0.00808576221307663
    },
    "max_specificity": {
        "correlation": 0.20669309886543163,
        "p-value": 0.018764834019378566
    },
    "median_specificity": {
        "correlation": -0.037067413704174254,
        "p-value": 0.6766414975537536
    }
}